{
    "mapping": {
        "ambawadi": 7450.2094563629225,
        "ambli": 8731.480978150827,
        "amraiwadi": 5218.737158387138,
        "bapunagar": 4869.025258067124,
        "bhadaj": 6303.591940132319,
        "bodakdev": 8875.586341339314,
        "bopal": 6645.893479848828,
        "cg road": 5758.535892493425,
        "chanakyapuri": 6086.405104467544,
        "chandkheda": 5170.25348367778,
        "chandlodiya": 5291.626914792395,
        "chharodi": 6984.415808242882,
        "drive in road": 7254.18995579796,
        "ellisbridge": 7403.10527967861,
        "ghatlodiya": 5306.19238670011,
        "ghodasar": 5212.647747546177,
        "ghuma": 4832.188509654801,
        "godhavi": 5193.527479774236,
        "godrej garden city": 6736.721145432047,
        "gota": 5519.499435979879,
        "gulbai tekra": 6426.4017556478,
        "gurukul": 6572.912638143571,
        "hathijan": 5480.137918866768,
        "hebatpur": 6821.863659522782,
        "isanpur": 6037.72973617006,
        "iscon ambli road": 9470.493307706918,
        "jagatpur": 5713.7172516310875,
        "jivraj park": 5191.443707151388,
        "jodhpur": 7346.69228097606,
        "judges bunglow road": 7567.728076872532,
        "juhapura": 5998.293755079581,
        "khokhra": 5451.703537122828,
        "koteshwar": 5677.453424749272,
        "makarba": 5771.19474184806,
        "maninagar": 5045.808554661183,
        "memnagar": 5842.577998481215,
        "motera": 5561.256149769274,
        "nana chiloda": 4622.017180369493,
        "naranpura": 6604.733024885052,
        "naroda": 4109.885094545012,
        "narolgam": 3277.3261505681844,
        "nava naroda": 4392.3088583489,
        "nava vadaj": 5834.86798058799,
        "navrangpura": 7335.754512061666,
        "new ranip": 4918.804893721175,
        "nikol": 4528.732423685145,
        "nikol naroda road": 5978.565081543997,
        "nirnay nagar": 6137.169952823394,
        "other": 5452.20827539311,
        "paldi": 6657.338255190853,
        "panchavati society": 7905.24373713833,
        "prahlad nagar": 7807.1014205796655,
        "rajpath rangoli road": 7835.473575793415,
        "ranip": 5680.15437956435,
        "sanand": 5638.587890920213,
        "sanathal": 5774.637835231901,
        "saraspur": 5730.264737348087,
        "sardar patel ring road": 5553.029800550306,
        "sarkhej": 6673.384575733035,
        "satellite": 7802.6997679868655,
        "science city": 7258.989795166783,
        "shahibag": 7666.800021184284,
        "shantipura circle": 5421.6332460857275,
        "shela": 5649.996648769573,
        "shilaj": 6673.311988684669,
        "sindhu bhavan marg": 7980.770956257571,
        "sola": 7306.788963518023,
        "thaltej": 8670.638785548774,
        "tragad": 5267.130715098146,
        "usmanpura": 6748.698872469275,
        "vaishnodevi circle": 6004.798526775222,
        "vasna": 6122.877572211923,
        "vastral": 3947.2503148482792,
        "vastrapur": 7608.002068960409,
        "vatva": 4140.957484342498,
        "vinzol": 6082.231105259887,
        "zundal": 4698.640720550224
    },
    "global_mean": 6527.704062229905
}